employee_id,employee_name,legal_entity,country,cost_center,payroll_period,is_childcare_eligible
EMP0001,Alicia Alonso,ARD Spain SL,Spain,FIN-ADM,2026-03,true
EMP0002,Alicia Benitez,ARD Spain SL,Spain,HR-OPS,2026-03,true
EMP0003,Alicia Cabrera,ARD Spain SL,Spain,SALES,2026-03,true
EMP0004,Alicia Dominguez,ARD Spain SL,Spain,TECH,2026-03,true
EMP0005,Alicia Estevez,ARD Spain SL,Spain,CUSTOMER_SUCCESS,2026-03,true
EMP0006,Alicia Fernandez,ARD Spain SL,Spain,SHARED_SERVICES,2026-03,true
EMP0007,Alicia Garrido,ARD Spain SL,Spain,FIN-ADM,2026-03,true
EMP0008,Alicia Herrera,ARD Spain SL,Spain,HR-OPS,2026-03,true
EMP0009,Alicia Iglesias,ARD Spain SL,Spain,SALES,2026-03,true
EMP0010,Alicia Jimenez,ARD Spain SL,Spain,TECH,2026-03,true
EMP0011,Alicia Lorenzo,ARD Spain SL,Spain,CUSTOMER_SUCCESS,2026-03,true
EMP0012,Alicia Martinez,ARD Spain SL,Spain,SHARED_SERVICES,2026-03,true
EMP0013,Alicia Navarro,ARD Spain SL,Spain,FIN-ADM,2026-03,true
EMP0014,Alicia Ortega,ARD Spain SL,Spain,HR-OPS,2026-03,true
EMP0015,Alicia Prieto,ARD Spain SL,Spain,SALES,2026-03,true
EMP0016,Alicia Quintero,ARD Spain SL,Spain,TECH,2026-03,true
EMP0017,Alicia Romero,ARD Spain SL,Spain,CUSTOMER_SUCCESS,2026-03,true
EMP0018,Alicia Suarez,ARD Spain SL,Spain,SHARED_SERVICES,2026-03,true
EMP0019,Bruno Alonso,ARD Spain SL,Spain,FIN-ADM,2026-03,true
EMP0020,Bruno Benitez,ARD Spain SL,Spain,HR-OPS,2026-03,true
EMP0021,Bruno Cabrera,ARD Spain SL,Spain,SALES,2026-03,true
EMP0022,Bruno Dominguez,ARD Spain SL,Spain,TECH,2026-03,true
EMP0023,Bruno Estevez,ARD Spain SL,Spain,CUSTOMER_SUCCESS,2026-03,true
EMP0024,Bruno Fernandez,ARD Spain SL,Spain,SHARED_SERVICES,2026-03,true
EMP0025,Bruno Garrido,ARD Spain SL,Spain,FIN-ADM,2026-03,true
EMP0026,Bruno Herrera,ARD Spain SL,Spain,HR-OPS,2026-03,true
EMP0027,Bruno Iglesias,ARD Spain SL,Spain,SALES,2026-03,true
EMP0028,Bruno Jimenez,ARD Spain SL,Spain,TECH,2026-03,true
EMP0029,Bruno Lorenzo,ARD Spain SL,Spain,CUSTOMER_SUCCESS,2026-03,true
EMP0030,Bruno Martinez,ARD Spain SL,Spain,SHARED_SERVICES,2026-03,true
EMP0031,Bruno Navarro,ARD Spain SL,Spain,FIN-ADM,2026-03,false
EMP0032,Bruno Ortega,ARD Spain SL,Spain,HR-OPS,2026-03,false
EMP0033,Bruno Prieto,ARD Spain SL,Spain,SALES,2026-03,false
EMP0034,Bruno Quintero,ARD Spain SL,Spain,TECH,2026-03,false
EMP0035,Bruno Romero,ARD Spain SL,Spain,CUSTOMER_SUCCESS,2026-03,false
EMP0036,Bruno Suarez,ARD Spain SL,Spain,SHARED_SERVICES,2026-03,false
EMP0037,Carla Alonso,ARD Spain SL,Spain,FIN-ADM,2026-03,false
EMP0038,Carla Benitez,ARD Spain SL,Spain,HR-OPS,2026-03,false
EMP0039,Carla Cabrera,ARD Spain SL,Spain,SALES,2026-03,false
EMP0040,Carla Dominguez,ARD Spain SL,Spain,TECH,2026-03,false
EMP0041,Carla Estevez,ARD Spain SL,Spain,CUSTOMER_SUCCESS,2026-03,false
EMP0042,Carla Fernandez,ARD Spain SL,Spain,SHARED_SERVICES,2026-03,false
EMP0043,Carla Garrido,ARD Spain SL,Spain,FIN-ADM,2026-03,false
EMP0044,Carla Herrera,ARD Spain SL,Spain,HR-OPS,2026-03,false
EMP0045,Carla Iglesias,ARD Spain SL,Spain,SALES,2026-03,false
EMP0046,Carla Jimenez,ARD Spain SL,Spain,TECH,2026-03,false
EMP0047,Carla Lorenzo,ARD Spain SL,Spain,CUSTOMER_SUCCESS,2026-03,false
EMP0048,Carla Martinez,ARD Spain SL,Spain,SHARED_SERVICES,2026-03,false
EMP0049,Carla Navarro,ARD Spain SL,Spain,FIN-ADM,2026-03,false
EMP0050,Carla Ortega,ARD Spain SL,Spain,HR-OPS,2026-03,false
EMP0051,Carla Prieto,ARD Spain SL,Spain,SALES,2026-03,false
EMP0052,Carla Quintero,ARD Spain SL,Spain,TECH,2026-03,false
EMP0053,Carla Romero,ARD Spain SL,Spain,CUSTOMER_SUCCESS,2026-03,false
EMP0054,Carla Suarez,ARD Spain SL,Spain,SHARED_SERVICES,2026-03,false
EMP0055,Diego Alonso,ARD Spain SL,Spain,FIN-ADM,2026-03,false
EMP0056,Diego Benitez,ARD Spain SL,Spain,HR-OPS,2026-03,false
EMP0057,Diego Cabrera,ARD Spain SL,Spain,SALES,2026-03,false
EMP0058,Diego Dominguez,ARD Spain SL,Spain,TECH,2026-03,false
EMP0059,Diego Estevez,ARD Spain SL,Spain,CUSTOMER_SUCCESS,2026-03,false
EMP0060,Diego Fernandez,ARD Spain SL,Spain,SHARED_SERVICES,2026-03,false
EMP0061,Diego Garrido,ARD Spain SL,Spain,FIN-ADM,2026-03,false
EMP0062,Diego Herrera,ARD Spain SL,Spain,HR-OPS,2026-03,false
EMP0063,Diego Iglesias,ARD Spain SL,Spain,SALES,2026-03,false
EMP0064,Diego Jimenez,ARD Spain SL,Spain,TECH,2026-03,false
EMP0065,Diego Lorenzo,ARD Spain SL,Spain,CUSTOMER_SUCCESS,2026-03,false
EMP0066,Diego Martinez,ARD Spain SL,Spain,SHARED_SERVICES,2026-03,false
EMP0067,Diego Navarro,ARD Spain SL,Spain,FIN-ADM,2026-03,false
EMP0068,Diego Ortega,ARD Spain SL,Spain,HR-OPS,2026-03,false
EMP0069,Diego Prieto,ARD Spain SL,Spain,SALES,2026-03,false
EMP0070,Diego Quintero,ARD Spain SL,Spain,TECH,2026-03,false
EMP0071,Diego Romero,ARD Spain SL,Spain,CUSTOMER_SUCCESS,2026-03,false
EMP0072,Diego Suarez,ARD Spain SL,Spain,SHARED_SERVICES,2026-03,false
EMP0073,Elena Alonso,ARD Spain SL,Spain,FIN-ADM,2026-03,false
EMP0074,Elena Benitez,ARD Spain SL,Spain,HR-OPS,2026-03,false
EMP0075,Elena Cabrera,ARD Spain SL,Spain,SALES,2026-03,false
EMP0076,Elena Dominguez,ARD Spain SL,Spain,TECH,2026-03,false
EMP0077,Elena Estevez,ARD Spain SL,Spain,CUSTOMER_SUCCESS,2026-03,false
EMP0078,Elena Fernandez,ARD Spain SL,Spain,SHARED_SERVICES,2026-03,false
EMP0079,Elena Garrido,ARD Spain SL,Spain,FIN-ADM,2026-03,false
EMP0080,Elena Herrera,ARD Spain SL,Spain,HR-OPS,2026-03,false
EMP0081,Elena Iglesias,ARD Spain SL,Spain,SALES,2026-03,false
EMP0082,Elena Jimenez,ARD Spain SL,Spain,TECH,2026-03,false
EMP0083,Elena Lorenzo,ARD Spain SL,Spain,CUSTOMER_SUCCESS,2026-03,false
EMP0084,Elena Martinez,ARD Spain SL,Spain,SHARED_SERVICES,2026-03,false
EMP0085,Elena Navarro,ARD Spain SL,Spain,FIN-ADM,2026-03,false
EMP0086,Elena Ortega,ARD Spain SL,Spain,HR-OPS,2026-03,false
EMP0087,Elena Prieto,ARD Spain SL,Spain,SALES,2026-03,false
EMP0088,Elena Quintero,ARD Spain SL,Spain,TECH,2026-03,false
EMP0089,Elena Romero,ARD Spain SL,Spain,CUSTOMER_SUCCESS,2026-03,false
EMP0090,Elena Suarez,ARD Spain SL,Spain,SHARED_SERVICES,2026-03,false
EMP0091,Fabian Alonso,ARD Spain SL,Spain,FIN-ADM,2026-03,false
EMP0092,Fabian Benitez,ARD Spain SL,Spain,HR-OPS,2026-03,false
EMP0093,Fabian Cabrera,ARD Spain SL,Spain,SALES,2026-03,false
EMP0094,Fabian Dominguez,ARD Spain SL,Spain,TECH,2026-03,false
EMP0095,Fabian Estevez,ARD Spain SL,Spain,CUSTOMER_SUCCESS,2026-03,false
EMP0096,Fabian Fernandez,ARD Spain SL,Spain,SHARED_SERVICES,2026-03,false
EMP0097,Fabian Garrido,ARD Spain SL,Spain,FIN-ADM,2026-03,false
EMP0098,Fabian Herrera,ARD Spain SL,Spain,HR-OPS,2026-03,false
EMP0099,Fabian Iglesias,ARD Spain SL,Spain,SALES,2026-03,false
EMP0100,Fabian Jimenez,ARD Spain SL,Spain,TECH,2026-03,false
EMP0101,Fabian Lorenzo,ARD Spain SL,Spain,CUSTOMER_SUCCESS,2026-03,false
EMP0102,Fabian Martinez,ARD Spain SL,Spain,SHARED_SERVICES,2026-03,false
EMP0103,Fabian Navarro,ARD Spain SL,Spain,FIN-ADM,2026-03,false
EMP0104,Fabian Ortega,ARD Spain SL,Spain,HR-OPS,2026-03,false
EMP0105,Fabian Prieto,ARD Spain SL,Spain,SALES,2026-03,false
EMP0106,Fabian Quintero,ARD Spain SL,Spain,TECH,2026-03,false
EMP0107,Fabian Romero,ARD Spain SL,Spain,CUSTOMER_SUCCESS,2026-03,false
EMP0108,Fabian Suarez,ARD Spain SL,Spain,SHARED_SERVICES,2026-03,false
EMP0109,Gabriela Alonso,ARD Spain SL,Spain,FIN-ADM,2026-03,false
EMP0110,Gabriela Benitez,ARD Spain SL,Spain,HR-OPS,2026-03,false
EMP0111,Gabriela Cabrera,ARD Spain SL,Spain,SALES,2026-03,false
EMP0112,Gabriela Dominguez,ARD Spain SL,Spain,TECH,2026-03,false
EMP0113,Gabriela Estevez,ARD Spain SL,Spain,CUSTOMER_SUCCESS,2026-03,false
EMP0114,Gabriela Fernandez,ARD Spain SL,Spain,SHARED_SERVICES,2026-03,false
EMP0115,Gabriela Garrido,ARD Spain SL,Spain,FIN-ADM,2026-03,false
EMP0116,Gabriela Herrera,ARD Spain SL,Spain,HR-OPS,2026-03,false
EMP0117,Gabriela Iglesias,ARD Spain SL,Spain,SALES,2026-03,false
EMP0118,Gabriela Jimenez,ARD Spain SL,Spain,TECH,2026-03,false
EMP0119,Gabriela Lorenzo,ARD Spain SL,Spain,CUSTOMER_SUCCESS,2026-03,false
EMP0120,Gabriela Martinez,ARD Spain SL,Spain,SHARED_SERVICES,2026-03,false
EMP0121,Gabriela Navarro,ARD Spain SL,Spain,FIN-ADM,2026-03,false
EMP0122,Gabriela Ortega,ARD Spain SL,Spain,HR-OPS,2026-03,false
EMP0123,Gabriela Prieto,ARD Spain SL,Spain,SALES,2026-03,false
EMP0124,Gabriela Quintero,ARD Spain SL,Spain,TECH,2026-03,false
EMP0125,Gabriela Romero,ARD Spain SL,Spain,CUSTOMER_SUCCESS,2026-03,false
EMP0126,Gabriela Suarez,ARD Spain SL,Spain,SHARED_SERVICES,2026-03,false
EMP0127,Hector Alonso,ARD Spain SL,Spain,FIN-ADM,2026-03,false
EMP0128,Hector Benitez,ARD Spain SL,Spain,HR-OPS,2026-03,false
EMP0129,Hector Cabrera,ARD Spain SL,Spain,SALES,2026-03,false
EMP0130,Hector Dominguez,ARD Spain SL,Spain,TECH,2026-03,false
EMP0131,Hector Estevez,ARD Spain SL,Spain,CUSTOMER_SUCCESS,2026-03,false
EMP0132,Hector Fernandez,ARD Spain SL,Spain,SHARED_SERVICES,2026-03,false
EMP0133,Hector Garrido,ARD Spain SL,Spain,FIN-ADM,2026-03,false
EMP0134,Hector Herrera,ARD Spain SL,Spain,HR-OPS,2026-03,false
EMP0135,Hector Iglesias,ARD Spain SL,Spain,SALES,2026-03,false
EMP0136,Hector Jimenez,ARD Spain SL,Spain,TECH,2026-03,false
EMP0137,Hector Lorenzo,ARD Spain SL,Spain,CUSTOMER_SUCCESS,2026-03,false
EMP0138,Hector Martinez,ARD Spain SL,Spain,SHARED_SERVICES,2026-03,false
EMP0139,Hector Navarro,ARD Spain SL,Spain,FIN-ADM,2026-03,false
EMP0140,Hector Ortega,ARD Spain SL,Spain,HR-OPS,2026-03,false
EMP0141,Hector Prieto,ARD Spain SL,Spain,SALES,2026-03,false
EMP0142,Hector Quintero,ARD Spain SL,Spain,TECH,2026-03,false
EMP0143,Hector Romero,ARD Spain SL,Spain,CUSTOMER_SUCCESS,2026-03,false
EMP0144,Hector Suarez,ARD Spain SL,Spain,SHARED_SERVICES,2026-03,false
EMP0145,Ines Alonso,ARD Spain SL,Spain,FIN-ADM,2026-03,false
EMP0146,Ines Benitez,ARD Spain SL,Spain,HR-OPS,2026-03,false
EMP0147,Ines Cabrera,ARD Spain SL,Spain,SALES,2026-03,false
EMP0148,Ines Dominguez,ARD Spain SL,Spain,TECH,2026-03,false
EMP0149,Ines Estevez,ARD Spain SL,Spain,CUSTOMER_SUCCESS,2026-03,false
EMP0150,Ines Fernandez,ARD Spain SL,Spain,SHARED_SERVICES,2026-03,false
EMP0151,Ines Garrido,ARD Spain SL,Spain,FIN-ADM,2026-03,false
EMP0152,Ines Herrera,ARD Spain SL,Spain,HR-OPS,2026-03,false
EMP0153,Ines Iglesias,ARD Spain SL,Spain,SALES,2026-03,false
EMP0154,Ines Jimenez,ARD Spain SL,Spain,TECH,2026-03,false
EMP0155,Ines Lorenzo,ARD Spain SL,Spain,CUSTOMER_SUCCESS,2026-03,false
EMP0156,Ines Martinez,ARD Spain SL,Spain,SHARED_SERVICES,2026-03,false
EMP0157,Ines Navarro,ARD Spain SL,Spain,FIN-ADM,2026-03,false
EMP0158,Ines Ortega,ARD Spain SL,Spain,HR-OPS,2026-03,false
EMP0159,Ines Prieto,ARD Spain SL,Spain,SALES,2026-03,false
EMP0160,Ines Quintero,ARD Spain SL,Spain,TECH,2026-03,false
EMP0161,Ines Romero,ARD Spain SL,Spain,CUSTOMER_SUCCESS,2026-03,false
EMP0162,Ines Suarez,ARD Spain SL,Spain,SHARED_SERVICES,2026-03,false
EMP0163,Javier Alonso,ARD Spain SL,Spain,FIN-ADM,2026-03,false
EMP0164,Javier Benitez,ARD Spain SL,Spain,HR-OPS,2026-03,false
EMP0165,Javier Cabrera,ARD Spain SL,Spain,SALES,2026-03,false
EMP0166,Javier Dominguez,ARD Spain SL,Spain,TECH,2026-03,false
EMP0167,Javier Estevez,ARD Spain SL,Spain,CUSTOMER_SUCCESS,2026-03,false
EMP0168,Javier Fernandez,ARD Spain SL,Spain,SHARED_SERVICES,2026-03,false
EMP0169,Javier Garrido,ARD Spain SL,Spain,FIN-ADM,2026-03,false
EMP0170,Javier Herrera,ARD Spain SL,Spain,HR-OPS,2026-03,false
EMP0171,Javier Iglesias,ARD Spain SL,Spain,SALES,2026-03,false
EMP0172,Javier Jimenez,ARD Spain SL,Spain,TECH,2026-03,false
EMP0173,Javier Lorenzo,ARD Spain SL,Spain,CUSTOMER_SUCCESS,2026-03,false
EMP0174,Javier Martinez,ARD Spain SL,Spain,SHARED_SERVICES,2026-03,false
EMP0175,Javier Navarro,ARD Spain SL,Spain,FIN-ADM,2026-03,false
EMP0176,Javier Ortega,ARD Spain SL,Spain,HR-OPS,2026-03,false
EMP0177,Javier Prieto,ARD Spain SL,Spain,SALES,2026-03,false
EMP0178,Javier Quintero,ARD Spain SL,Spain,TECH,2026-03,false
EMP0179,Javier Romero,ARD Spain SL,Spain,CUSTOMER_SUCCESS,2026-03,false
EMP0180,Javier Suarez,ARD Spain SL,Spain,SHARED_SERVICES,2026-03,false
EMP0181,Karina Alonso,ARD Spain SL,Spain,FIN-ADM,2026-03,false
EMP0182,Karina Benitez,ARD Spain SL,Spain,HR-OPS,2026-03,false
EMP0183,Karina Cabrera,ARD Spain SL,Spain,SALES,2026-03,false
EMP0184,Karina Dominguez,ARD Spain SL,Spain,TECH,2026-03,false
EMP0185,Karina Estevez,ARD Spain SL,Spain,CUSTOMER_SUCCESS,2026-03,false
EMP0186,Karina Fernandez,ARD Spain SL,Spain,SHARED_SERVICES,2026-03,false
EMP0187,Karina Garrido,ARD Spain SL,Spain,FIN-ADM,2026-03,false
EMP0188,Karina Herrera,ARD Spain SL,Spain,HR-OPS,2026-03,false
EMP0189,Karina Iglesias,ARD Spain SL,Spain,SALES,2026-03,false
EMP0190,Karina Jimenez,ARD Spain SL,Spain,TECH,2026-03,false
EMP0191,Karina Lorenzo,ARD Spain SL,Spain,CUSTOMER_SUCCESS,2026-03,false
EMP0192,Karina Martinez,ARD Spain SL,Spain,SHARED_SERVICES,2026-03,false
EMP0193,Karina Navarro,ARD Spain SL,Spain,FIN-ADM,2026-03,false
EMP0194,Karina Ortega,ARD Spain SL,Spain,HR-OPS,2026-03,false
EMP0195,Karina Prieto,ARD Spain SL,Spain,SALES,2026-03,false
EMP0196,Karina Quintero,ARD Spain SL,Spain,TECH,2026-03,false
EMP0197,Karina Romero,ARD Spain SL,Spain,CUSTOMER_SUCCESS,2026-03,false
EMP0198,Karina Suarez,ARD Spain SL,Spain,SHARED_SERVICES,2026-03,false
EMP0199,Lucas Alonso,ARD Spain SL,Spain,FIN-ADM,2026-03,false
EMP0200,Lucas Benitez,ARD Spain SL,Spain,HR-OPS,2026-03,false
EMP0201,Lucas Cabrera,ARD Spain SL,Spain,SALES,2026-03,false
EMP0202,Lucas Dominguez,ARD Spain SL,Spain,TECH,2026-03,false
EMP0203,Lucas Estevez,ARD Spain SL,Spain,CUSTOMER_SUCCESS,2026-03,false
EMP0204,Lucas Fernandez,ARD Spain SL,Spain,SHARED_SERVICES,2026-03,false
EMP0205,Lucas Garrido,ARD Spain SL,Spain,FIN-ADM,2026-03,false
EMP0206,Lucas Herrera,ARD Spain SL,Spain,HR-OPS,2026-03,false
EMP0207,Lucas Iglesias,ARD Spain SL,Spain,SALES,2026-03,false
EMP0208,Lucas Jimenez,ARD Spain SL,Spain,TECH,2026-03,false
EMP0209,Lucas Lorenzo,ARD Spain SL,Spain,CUSTOMER_SUCCESS,2026-03,false
EMP0210,Lucas Martinez,ARD Spain SL,Spain,SHARED_SERVICES,2026-03,false
EMP0211,Lucas Navarro,ARD Spain SL,Spain,FIN-ADM,2026-03,false
EMP0212,Lucas Ortega,ARD Spain SL,Spain,HR-OPS,2026-03,false
EMP0213,Lucas Prieto,ARD Spain SL,Spain,SALES,2026-03,false
EMP0214,Lucas Quintero,ARD Spain SL,Spain,TECH,2026-03,false
EMP0215,Lucas Romero,ARD Spain SL,Spain,CUSTOMER_SUCCESS,2026-03,false
EMP0216,Lucas Suarez,ARD Spain SL,Spain,SHARED_SERVICES,2026-03,false
EMP0217,Marta Alonso,ARD Spain SL,Spain,FIN-ADM,2026-03,false
EMP0218,Marta Benitez,ARD Spain SL,Spain,HR-OPS,2026-03,false
EMP0219,Marta Cabrera,ARD Spain SL,Spain,SALES,2026-03,false
EMP0220,Marta Dominguez,ARD Spain SL,Spain,TECH,2026-03,false
EMP0221,Marta Estevez,ARD Iberia Services SL,Spain,CUSTOMER_SUCCESS,2026-03,false
EMP0222,Marta Fernandez,ARD Iberia Services SL,Spain,SHARED_SERVICES,2026-03,false
EMP0223,Marta Garrido,ARD Iberia Services SL,Spain,FIN-ADM,2026-03,false
EMP0224,Marta Herrera,ARD Iberia Services SL,Spain,HR-OPS,2026-03,false
EMP0225,Marta Iglesias,ARD Iberia Services SL,Spain,SALES,2026-03,false
EMP0226,Marta Jimenez,ARD Iberia Services SL,Spain,TECH,2026-03,false
EMP0227,Marta Lorenzo,ARD Iberia Services SL,Spain,CUSTOMER_SUCCESS,2026-03,false
EMP0228,Marta Martinez,ARD Iberia Services SL,Spain,SHARED_SERVICES,2026-03,false
EMP0229,Marta Navarro,ARD Iberia Services SL,Spain,FIN-ADM,2026-03,false
EMP0230,Marta Ortega,ARD Iberia Services SL,Spain,HR-OPS,2026-03,false
EMP0231,Marta Prieto,ARD Iberia Services SL,Spain,SALES,2026-03,false
EMP0232,Marta Quintero,ARD Iberia Services SL,Spain,TECH,2026-03,false
EMP0233,Marta Romero,ARD Iberia Services SL,Spain,CUSTOMER_SUCCESS,2026-03,false
EMP0234,Marta Suarez,ARD Iberia Services SL,Spain,SHARED_SERVICES,2026-03,false
EMP0235,Nicolas Alonso,ARD Iberia Services SL,Spain,FIN-ADM,2026-03,false
EMP0236,Nicolas Benitez,ARD Iberia Services SL,Spain,HR-OPS,2026-03,false
EMP0237,Nicolas Cabrera,ARD Iberia Services SL,Spain,SALES,2026-03,false
EMP0238,Nicolas Dominguez,ARD Iberia Services SL,Spain,TECH,2026-03,false
EMP0239,Nicolas Estevez,ARD Iberia Services SL,Spain,CUSTOMER_SUCCESS,2026-03,false
EMP0240,Nicolas Fernandez,ARD Iberia Services SL,Spain,SHARED_SERVICES,2026-03,false
EMP0241,Nicolas Garrido,ARD Iberia Services SL,Spain,FIN-ADM,2026-03,false
EMP0242,Nicolas Herrera,ARD Iberia Services SL,Spain,HR-OPS,2026-03,false
EMP0243,Nicolas Iglesias,ARD Iberia Services SL,Spain,SALES,2026-03,false
EMP0244,Nicolas Jimenez,ARD Iberia Services SL,Spain,TECH,2026-03,false
EMP0245,Nicolas Lorenzo,ARD Iberia Services SL,Spain,CUSTOMER_SUCCESS,2026-03,false
EMP0246,Nicolas Martinez,ARD Iberia Services SL,Spain,SHARED_SERVICES,2026-03,false
EMP0247,Nicolas Navarro,ARD Iberia Services SL,Spain,FIN-ADM,2026-03,false
EMP0248,Nicolas Ortega,ARD Iberia Services SL,Spain,HR-OPS,2026-03,false
EMP0249,Nicolas Prieto,ARD Iberia Services SL,Spain,SALES,2026-03,false
EMP0250,Nicolas Quintero,ARD Iberia Services SL,Spain,TECH,2026-03,false
EMP0251,Nicolas Romero,ARD Iberia Services SL,Spain,CUSTOMER_SUCCESS,2026-03,false
EMP0252,Nicolas Suarez,ARD Iberia Services SL,Spain,SHARED_SERVICES,2026-03,false
EMP0253,Olga Alonso,ARD Iberia Services SL,Spain,FIN-ADM,2026-03,false
EMP0254,Olga Benitez,ARD Iberia Services SL,Spain,HR-OPS,2026-03,false
EMP0255,Olga Cabrera,ARD Iberia Services SL,Spain,SALES,2026-03,false
EMP0256,Olga Dominguez,ARD Iberia Services SL,Spain,TECH,2026-03,false
EMP0257,Olga Estevez,ARD Iberia Services SL,Spain,CUSTOMER_SUCCESS,2026-03,false
EMP0258,Olga Fernandez,ARD Iberia Services SL,Spain,SHARED_SERVICES,2026-03,false
EMP0259,Olga Garrido,ARD Iberia Services SL,Spain,FIN-ADM,2026-03,false
EMP0260,Olga Herrera,ARD Iberia Services SL,Spain,HR-OPS,2026-03,false
EMP0261,Olga Iglesias,ARD Iberia Services SL,Spain,SALES,2026-03,false
EMP0262,Olga Jimenez,ARD Iberia Services SL,Spain,TECH,2026-03,false
EMP0263,Olga Lorenzo,ARD Iberia Services SL,Spain,CUSTOMER_SUCCESS,2026-03,false
EMP0264,Olga Martinez,ARD Iberia Services SL,Spain,SHARED_SERVICES,2026-03,false
EMP0265,Olga Navarro,ARD Iberia Services SL,Spain,FIN-ADM,2026-03,false
EMP0266,Olga Ortega,ARD Iberia Services SL,Spain,HR-OPS,2026-03,false
EMP0267,Olga Prieto,ARD Iberia Services SL,Spain,SALES,2026-03,false
EMP0268,Olga Quintero,ARD Iberia Services SL,Spain,TECH,2026-03,false
EMP0269,Olga Romero,ARD Iberia Services SL,Spain,CUSTOMER_SUCCESS,2026-03,false
EMP0270,Olga Suarez,ARD Iberia Services SL,Spain,SHARED_SERVICES,2026-03,false
EMP0271,Pablo Alonso,ARD Iberia Services SL,Spain,FIN-ADM,2026-03,false
EMP0272,Pablo Benitez,ARD Iberia Services SL,Spain,HR-OPS,2026-03,false
EMP0273,Pablo Cabrera,ARD Iberia Services SL,Spain,SALES,2026-03,false
EMP0274,Pablo Dominguez,ARD Iberia Services SL,Spain,TECH,2026-03,false
EMP0275,Pablo Estevez,ARD Iberia Services SL,Spain,CUSTOMER_SUCCESS,2026-03,false
EMP0276,Pablo Fernandez,ARD Iberia Services SL,Spain,SHARED_SERVICES,2026-03,false
EMP0277,Pablo Garrido,ARD Iberia Services SL,Spain,FIN-ADM,2026-03,false
EMP0278,Pablo Herrera,ARD Iberia Services SL,Spain,HR-OPS,2026-03,false
EMP0279,Pablo Iglesias,ARD Iberia Services SL,Spain,SALES,2026-03,false
EMP0280,Pablo Jimenez,ARD Iberia Services SL,Spain,TECH,2026-03,false
EMP0281,Pablo Lorenzo,ARD Iberia Services SL,Spain,CUSTOMER_SUCCESS,2026-03,false
EMP0282,Pablo Martinez,ARD Iberia Services SL,Spain,SHARED_SERVICES,2026-03,false
EMP0283,Pablo Navarro,ARD Iberia Services SL,Spain,FIN-ADM,2026-03,false
EMP0284,Pablo Ortega,ARD Iberia Services SL,Spain,HR-OPS,2026-03,false
EMP0285,Pablo Prieto,ARD Iberia Services SL,Spain,SALES,2026-03,false
EMP0286,Pablo Quintero,ARD Iberia Services SL,Spain,TECH,2026-03,false
EMP0287,Pablo Romero,ARD Iberia Services SL,Spain,CUSTOMER_SUCCESS,2026-03,false
EMP0288,Pablo Suarez,ARD Iberia Services SL,Spain,SHARED_SERVICES,2026-03,false
EMP0289,Raquel Alonso,ARD Iberia Services SL,Spain,FIN-ADM,2026-03,false
EMP0290,Raquel Benitez,ARD Iberia Services SL,Spain,HR-OPS,2026-03,false
EMP0291,Raquel Cabrera,ARD Iberia Services SL,Spain,SALES,2026-03,false
EMP0292,Raquel Dominguez,ARD Iberia Services SL,Spain,TECH,2026-03,false
EMP0293,Raquel Estevez,ARD Iberia Services SL,Spain,CUSTOMER_SUCCESS,2026-03,false
EMP0294,Raquel Fernandez,ARD Iberia Services SL,Spain,SHARED_SERVICES,2026-03,false
EMP0295,Raquel Garrido,ARD Iberia Services SL,Spain,FIN-ADM,2026-03,false
EMP0296,Raquel Herrera,ARD Iberia Services SL,Spain,HR-OPS,2026-03,false
EMP0297,Raquel Iglesias,ARD Iberia Services SL,Spain,SALES,2026-03,false
EMP0298,Raquel Jimenez,ARD Iberia Services SL,Spain,TECH,2026-03,false
EMP0299,Raquel Lorenzo,ARD Iberia Services SL,Spain,CUSTOMER_SUCCESS,2026-03,false
EMP0300,Raquel Martinez,ARD Iberia Services SL,Spain,SHARED_SERVICES,2026-03,false
EMP0301,Raquel Navarro,ARD Iberia Services SL,Spain,FIN-ADM,2026-03,false
EMP0302,Raquel Ortega,ARD Iberia Services SL,Spain,HR-OPS,2026-03,false
EMP0303,Raquel Prieto,ARD Iberia Services SL,Spain,SALES,2026-03,false
EMP0304,Raquel Quintero,ARD Iberia Services SL,Spain,TECH,2026-03,false
EMP0305,Raquel Romero,ARD Iberia Services SL,Spain,CUSTOMER_SUCCESS,2026-03,false
EMP0306,Raquel Suarez,ARD Iberia Services SL,Spain,SHARED_SERVICES,2026-03,false
EMP0307,Sergio Alonso,ARD Iberia Services SL,Spain,FIN-ADM,2026-03,false
EMP0308,Sergio Benitez,ARD Iberia Services SL,Spain,HR-OPS,2026-03,false
EMP0309,Sergio Cabrera,ARD Iberia Services SL,Spain,SALES,2026-03,false
EMP0310,Sergio Dominguez,ARD Iberia Services SL,Spain,TECH,2026-03,false
EMP0311,Sergio Estevez,ARD Iberia Services SL,Spain,CUSTOMER_SUCCESS,2026-03,false
EMP0312,Sergio Fernandez,ARD Iberia Services SL,Spain,SHARED_SERVICES,2026-03,false
EMP0313,Sergio Garrido,ARD Iberia Services SL,Spain,FIN-ADM,2026-03,false
EMP0314,Sergio Herrera,ARD Iberia Services SL,Spain,HR-OPS,2026-03,false
EMP0315,Sergio Iglesias,ARD Iberia Services SL,Spain,SALES,2026-03,false
EMP0316,Sergio Jimenez,ARD Iberia Services SL,Spain,TECH,2026-03,false
EMP0317,Sergio Lorenzo,ARD Iberia Services SL,Spain,CUSTOMER_SUCCESS,2026-03,false
EMP0318,Sergio Martinez,ARD Iberia Services SL,Spain,SHARED_SERVICES,2026-03,false
EMP0319,Sergio Navarro,ARD Iberia Services SL,Spain,FIN-ADM,2026-03,false
EMP0320,Sergio Ortega,ARD Iberia Services SL,Spain,HR-OPS,2026-03,false
EMP0321,Sergio Prieto,ARD Iberia Services SL,Spain,SALES,2026-03,false
EMP0322,Sergio Quintero,ARD Iberia Services SL,Spain,TECH,2026-03,false
EMP0323,Sergio Romero,ARD Iberia Services SL,Spain,CUSTOMER_SUCCESS,2026-03,false
EMP0324,Sergio Suarez,ARD Iberia Services SL,Spain,SHARED_SERVICES,2026-03,false
EMP0325,Tamara Alonso,ARD Iberia Services SL,Spain,FIN-ADM,2026-03,false
EMP0326,Tamara Benitez,ARD Iberia Services SL,Spain,HR-OPS,2026-03,false
EMP0327,Tamara Cabrera,ARD Iberia Services SL,Spain,SALES,2026-03,false
EMP0328,Tamara Dominguez,ARD Iberia Services SL,Spain,TECH,2026-03,false
EMP0329,Tamara Estevez,ARD Iberia Services SL,Spain,CUSTOMER_SUCCESS,2026-03,false
EMP0330,Tamara Fernandez,ARD Iberia Services SL,Spain,SHARED_SERVICES,2026-03,false
EMP0331,Tamara Garrido,ARD Portugal Unipessoal Lda,Portugal,FIN-ADM,2026-03,false
EMP0332,Tamara Herrera,ARD Portugal Unipessoal Lda,Portugal,HR-OPS,2026-03,false
EMP0333,Tamara Iglesias,ARD Portugal Unipessoal Lda,Portugal,SALES,2026-03,false
EMP0334,Tamara Jimenez,ARD Portugal Unipessoal Lda,Portugal,TECH,2026-03,false
EMP0335,Tamara Lorenzo,ARD Portugal Unipessoal Lda,Portugal,CUSTOMER_SUCCESS,2026-03,false
EMP0336,Tamara Martinez,ARD Portugal Unipessoal Lda,Portugal,SHARED_SERVICES,2026-03,false
EMP0337,Tamara Navarro,ARD Portugal Unipessoal Lda,Portugal,FIN-ADM,2026-03,false
EMP0338,Tamara Ortega,ARD Portugal Unipessoal Lda,Portugal,HR-OPS,2026-03,false
EMP0339,Tamara Prieto,ARD Portugal Unipessoal Lda,Portugal,SALES,2026-03,false
EMP0340,Tamara Quintero,ARD Portugal Unipessoal Lda,Portugal,TECH,2026-03,false
EMP0341,Tamara Romero,ARD Portugal Unipessoal Lda,Portugal,CUSTOMER_SUCCESS,2026-03,false
EMP0342,Tamara Suarez,ARD Portugal Unipessoal Lda,Portugal,SHARED_SERVICES,2026-03,false
EMP0343,Valentin Alonso,ARD Portugal Unipessoal Lda,Portugal,FIN-ADM,2026-03,false
EMP0344,Valentin Benitez,ARD Portugal Unipessoal Lda,Portugal,HR-OPS,2026-03,false
EMP0345,Valentin Cabrera,ARD Portugal Unipessoal Lda,Portugal,SALES,2026-03,false
EMP0346,Valentin Dominguez,ARD Portugal Unipessoal Lda,Portugal,TECH,2026-03,false
EMP0347,Valentin Estevez,ARD Portugal Unipessoal Lda,Portugal,CUSTOMER_SUCCESS,2026-03,false
EMP0348,Valentin Fernandez,ARD Portugal Unipessoal Lda,Portugal,SHARED_SERVICES,2026-03,false
EMP0349,Valentin Garrido,ARD Portugal Unipessoal Lda,Portugal,FIN-ADM,2026-03,false
EMP0350,Valentin Herrera,ARD Portugal Unipessoal Lda,Portugal,HR-OPS,2026-03,false
EMP0351,Valentin Iglesias,ARD Portugal Unipessoal Lda,Portugal,SALES,2026-03,false
EMP0352,Valentin Jimenez,ARD Portugal Unipessoal Lda,Portugal,TECH,2026-03,false
EMP0353,Valentin Lorenzo,ARD Portugal Unipessoal Lda,Portugal,CUSTOMER_SUCCESS,2026-03,false
EMP0354,Valentin Martinez,ARD Portugal Unipessoal Lda,Portugal,SHARED_SERVICES,2026-03,false
EMP0355,Valentin Navarro,ARD Portugal Unipessoal Lda,Portugal,FIN-ADM,2026-03,false
EMP0356,Valentin Ortega,ARD Portugal Unipessoal Lda,Portugal,HR-OPS,2026-03,false
EMP0357,Valentin Prieto,ARD Portugal Unipessoal Lda,Portugal,SALES,2026-03,false
EMP0358,Valentin Quintero,ARD Portugal Unipessoal Lda,Portugal,TECH,2026-03,false
EMP0359,Valentin Romero,ARD Portugal Unipessoal Lda,Portugal,CUSTOMER_SUCCESS,2026-03,false
EMP0360,Valentin Suarez,ARD Portugal Unipessoal Lda,Portugal,SHARED_SERVICES,2026-03,false
